Workbook

Sheet 三人麻雀
A2: 順位 | B2: 名前 | C2: 点数 | D2: 半荘数 | E2: 平均着順 | F2: １着 | G2: ２着 | H2: ３着 | I2: 最高点数 | J2: 最低点数 | K2: 役満回数
A3: 1 | B3: きよ | C3: =SUM(点数表_三麻!B2:B1000) -> 0 | D3: =COUNTIF(点数表_三麻!B2:B1000,"<>0")+2 -> 117 | E3: =(1*F3+2*G3+3*H3)/(F3+G3+H3) -> #DIV/0! | F3: =COUNTIF(点数表_三麻!D2:D1000,"1") -> 0 | G3: =COUNTIF(点数表_三麻!D2:D1000,"2") -> 0 | H3: =COUNTIF(点数表_三麻!D2:D1000,"3") -> 0 | I3: =MAX(点数表_三麻!B2:B1000) -> 0 | J3: =MIN(点数表_三麻!B2:B1000) -> 0
A4: 2 | B4: こたろー | C4: =SUM(点数表_三麻!K2:K1000) -> 0 | D4: =COUNTIF(点数表_三麻!K2:K1000,"<>0") -> 282 | E4: =(1*F4+2*G4+3*H4)/(F4+G4+H4) -> #DIV/0! | F4: =COUNTIF(点数表_三麻!M2:M1000,"1") -> 0 | G4: =COUNTIF(点数表_三麻!M2:M1000,"2") -> 0 | H4: =COUNTIF(点数表_三麻!M2:M1000,"3") -> 0 | I4: =MAX(点数表_三麻!K2:K1000) -> 0 | J4: =MIN(点数表_三麻!K2:K1000) -> 0
A5: 3 | B5: やまだ | C5: =SUM(点数表_三麻!E2:E1000) -> 0 | D5: =COUNTIF(点数表_三麻!E2:E1000,"<>0") -> 228 | E5: =(1*F5+2*G5+3*H5)/(F5+G5+H5) -> #DIV/0! | F5: =COUNTIF(点数表_三麻!G2:G1000,"1") -> 0 | G5: =COUNTIF(点数表_三麻!G2:G1000,"2") -> 0 | H5: =COUNTIF(点数表_三麻!G2:G1000,"3") -> 0 | I5: =MAX(点数表_三麻!E2:E1000) -> 0 | J5: =MIN(点数表_三麻!E2:E1000) -> 0
A6: 4 | B6: よしたに | C6: =SUM(点数表_三麻!H2:H1000) -> 0 | D6: =COUNTIF(点数表_三麻!H2:H1000,"<>0") -> 282 | E6: =(1*F6+2*G6+3*H6)/(F6+G6+H6) -> #DIV/0! | F6: =COUNTIF(点数表_三麻!J2:J1000,"1") -> 0 | G6: =COUNTIF(点数表_三麻!J2:J1000,"2") -> 0 | H6: =COUNTIF(点数表_三麻!J2:J1000,"3") -> 0 | I6: =MAX(点数表_三麻!H2:H1000) -> 0 | J6: =MIN(点数表_三麻!H2:H1000) -> 0
A7: 5 | B7: れい

Sheet 四人麻雀
A2: 順位 | B2: 名前 | C2: 点数 | D2: 半荘数 | E2: 平均着順 | F2: １着 | G2: ２着 | H2: ３着 | I2: ４着 | J2: 最高点数 | K2: 最低点数 | L2: 役満回数
A3: 1 | B3: きよ | C3: =SUM(点数表_四麻!B2:B1000) -> 757.4 | D3: =COUNTIF(点数表_四麻!B2:B1000,"<>0") -> 95 | E3: =(1*F3+2*G3+3*H3+4*I3)/(F3+G3+H3+I3) -> 1.9032258 | F3: =COUNTIF(点数表_四麻!D2:D1000,"1") -> 14 | G3: =COUNTIF(点数表_四麻!D2:D1000,"2") -> 7 | H3: =COUNTIF(点数表_四麻!D2:D1000,"3") -> 9 | I3: =COUNTIF(点数表_四麻!D2:D1000,"4") -> 1 | J3: =MAX(点数表_四麻!B2:B1000) -> 91.5 | K3: =MIN(点数表_四麻!B2:B1000) -> -76.5 | L3: 0
A4: 2 | B4: こたろー | C4: =SUM(点数表_四麻!K2:K1000) -> -477.6 | D4: =COUNTIF(点数表_四麻!K2:K1000,"<>0") -> 95 | E4: =(1*F4+2*G4+3*H4+4*I4)/(F4+G4+H4+I4) -> 2.4137931 | F4: =COUNTIF(点数表_四麻!M2:M1000,"1") -> 9 | G4: =COUNTIF(点数表_四麻!M2:M1000,"2") -> 7 | H4: =COUNTIF(点数表_四麻!M2:M1000,"3") -> 5 | I4: =COUNTIF(点数表_四麻!M2:M1000,"4") -> 8 | J4: =MAX(点数表_四麻!K2:K1000) -> 88.4 | K4: =MIN(点数表_四麻!K2:K1000) -> -68.1 | L4: 0
A5: 3 | B5: やまだ | C5: =SUM(点数表_四麻!E2:E1000) -> 332.7 | D5: =COUNTIF(点数表_四麻!E2:E1000,"<>0") -> 86 | E5: =(1*F5+2*G5+3*H5+4*I5)/(F5+G5+H5+I5) -> 2.6774194 | F5: =COUNTIF(点数表_四麻!G2:G1000,"1") -> 5 | G5: =COUNTIF(点数表_四麻!G2:G1000,"2") -> 10 | H5: =COUNTIF(点数表_四麻!G2:G1000,"3") -> 6 | I5: =COUNTIF(点数表_四麻!G2:G1000,"4") -> 10 | J5: =MAX(点数表_四麻!E2:E1000) -> 93 | K5: =MIN(点数表_四麻!E2:E1000) -> -72.1 | L5: 0
A6: 4 | B6: れい | C6: =SUM(点数表_四麻!N2:N1000) -> -82.2 | D6: =COUNTIF(点数表_四麻!N2:N1000,"<>0") -> 37 | E6: =(1*F6+2*G6+3*H6+4*I6)/(F6+G6+H6+I6) -> 2.8235294 | F6: =COUNTIF(点数表_四麻!P2:P1000,"1") -> 2 | G6: =COUNTIF(点数表_四麻!P2:P1000,"2") -> 5 | H6: =COUNTIF(点数表_四麻!P2:P1000,"3") -> 4 | I6: =COUNTIF(点数表_四麻!P2:P1000,"4") -> 6 | J6: =MAX(点数表_四麻!N2:N1000) -> 83.1 | K6: =MIN(点数表_四麻!N2:N1000) -> -68.3 | L6: 0
A7: 5 | B7: よしたに | C7: =SUM(点数表_四麻!H2:H1000) -> -539.3 | D7: =COUNTIF(点数表_四麻!H2:H1000,"<>0") -> 87 | E7: =(1*F7+2*G7+3*H7+4*I7)/(F7+G7+H7+I7) -> 3.0952381 | F7: =COUNTIF(点数表_四麻!J2:J1000,"1") -> 1 | G7: =COUNTIF(点数表_四麻!J2:J1000,"2") -> 5 | H7: =COUNTIF(点数表_四麻!J2:J1000,"3") -> 6 | I7: =COUNTIF(点数表_四麻!J2:J1000,"4") -> 9 | J7: =MAX(点数表_四麻!H2:H1000) -> 104.3 | K7: =MIN(点数表_四麻!H2:H1000) -> -83.3 | L7: 0

Sheet 点数表_三麻
A1: 日付 | B1: きよ | C1: 合計点数 | E1: やまだ | F1: 合計点数 | G1: 着順 | H1: よしたに | I1: 合計点数 | J1: 着順 | K1: こたろー | L1: 合計点数 | M1: 着順 | N1: れい | O1: 合計点数 | P1: 着順
A2: 45937 | C2: =B2 -> 0 | F2: =E2 -> 0 | I2: =H2 -> 0 | L2: =K2 -> 0 | O2: =N2 -> 0
C3: =C2+B3 -> 0 | F3: =F2+E3 -> 0 | I3: =I2+H3 -> 0 | L3: =L2+K3 -> 0 | O3: =O2+N3 -> 0
C4: =C3+B4 -> 0 | F4: =F3+E4 -> 0 | I4: =I3+H4 -> 0 | L4: =L3+K4 -> 0 | O4: =O3+N4 -> 0
C5: =C4+B5 -> 0 | F5: =F4+E5 -> 0 | I5: =I4+H5 -> 0 | L5: =L4+K5 -> 0 | O5: =O4+N5 -> 0
C6: =C5+B6 -> 0 | F6: =F5+E6 -> 0 | I6: =I5+H6 -> 0 | L6: =L5+K6 -> 0
C7: =C6+B7 -> 0 | F7: =F6+E7 -> 0 | I7: =I6+H7 -> 0 | L7: =L6+K7 -> 0
C8: =C7+B8 -> 0 | F8: =F7+E8 -> 0 | I8: =I7+H8 -> 0 | L8: =L7+K8 -> 0
C9: =C8+B9 -> 0 | F9: =F8+E9 -> 0 | I9: =I8+H9 -> 0 | L9: =L8+K9 -> 0
C10: =C9+B10 -> 0 | F10: =F9+E10 -> 0 | I10: =I9+H10 -> 0 | L10: =L9+K10 -> 0
C11: =C10+B11 -> 0 | F11: =F10+E11 -> 0 | I11: =I10+H11 -> 0 | L11: =L10+K11 -> 0
C12: =C11+B12 -> 0 | F12: =F11+E12 -> 0 | I12: =I11+H12 -> 0 | L12: =L11+K12 -> 0
C13: =C12+B13 -> 0 | F13: =F12+E13 -> 0 | I13: =I12+H13 -> 0 | L13: =L12+K13 -> 0
C14: =C13+B14 -> 0 | F14: =F13+E14 -> 0 | I14: =I13+H14 -> 0 | L14: =L13+K14 -> 0
C15: =C14+B15 -> 0 | F15: =F14+E15 -> 0 | I15: =I14+H15 -> 0 | L15: =L14+K15 -> 0
C16: =C15+B16 -> 0 | F16: =F15+E16 -> 0 | I16: =I15+H16 -> 0 | L16: =L15+K16 -> 0
C17: =C16+B17 -> 0 | F17: =F16+E17 -> 0 | I17: =I16+H17 -> 0 | L17: =L16+K17 -> 0
... C116: =C115+B116 -> 0 | F116: =F115+E116 -> 0 | I116: =I115+H116 -> 0 | L116: =L115+K116 -> 0
B117: 0 | C117: =C116+B117 -> 0 | F117: =F116+E117 -> 0 | I117: =I116+H117 -> 0 | L117: =L116+K117 -> 0
B118: 0 | C118: =C117+B118 -> 0 | F118: =F117+E118 -> 0 | I118: =I117+H118 -> 0 | L118: =L117+K118 -> 0
B119: 0 | C119: =C118+B119 -> 0 | F119: =F118+E119 -> 0 | I119: =I118+H119 -> 0 | L119: =L118+K119 -> 0
B120: 0 | C120: =C119+B120 -> 0 | F120: =F119+E120 -> 0 | I120: =I119+H120 -> 0 | L120: =L119+K120 -> 0
B121: 0 | C121: =C120+B121 -> 0 | F121: =F120+E121 -> 0 | I121: =I120+H121 -> 0 | L121: =L120+K121 -> 0
B122: 0 | C122: =C121+B122 -> 0 | F122: =F121+E122 -> 0 | I122: =I121+H122 -> 0 | L122: =L121+K122 -> 0
B123: 0 | C123: =C122+B123 -> 0 | F123: =F122+E123 -> 0 | I123: =I122+H123 -> 0 | L123: =L122+K123 -> 0
B124: 0 | C124: =C123+B124 -> 0 | F124: =F123+E124 -> 0 | I124: =I123+H124 -> 0 | L124: =L123+K124 -> 0
B125: 0 | C125: =C124+B125 -> 0 | F125: =F124+E125 -> 0 | I125: =I124+H125 -> 0 | L125: =L124+K125 -> 0
B126: 0 | C126: =C125+B126 -> 0 | F126: =F125+E126 -> 0 | I126: =I125+H126 -> 0 | L126: =L125+K126 -> 0
B127: 0 | C127: =C126+B127 -> 0 | F127: =F126+E127 -> 0 | I127: =I126+H127 -> 0 | L127: =L126+K127 -> 0
B128: 0 | C128: =C127+B128 -> 0 | F128: =F127+E128 -> 0 | I128: =I127+H128 -> 0 | L128: =L127+K128 -> 0
... B229: 0 | C229: =C228+B229 -> 0 | F229: =F228+E229 -> 0 | I229: =I228+H229 -> 0 | L229: =L228+K229 -> 0
B230: 0 | C230: =C229+B230 -> 0 | E230: 0 | F230: =F229+E230 -> 0 | I230: =I229+H230 -> 0 | L230: =L229+K230 -> 0
B231: 0 | C231: =C230+B231 -> 0 | E231: 0 | F231: =F230+E231 -> 0 | I231: =I230+H231 -> 0 | L231: =L230+K231 -> 0
B232: 0 | C232: =C231+B232 -> 0 | E232: 0 | F232: =F231+E232 -> 0 | I232: =I231+H232 -> 0 | L232: =L231+K232 -> 0
B233: 0 | C233: =C232+B233 -> 0 | E233: 0 | F233: =F232+E233 -> 0 | I233: =I232+H233 -> 0 | L233: =L232+K233 -> 0
B234: 0 | C234: =C233+B234 -> 0 | E234: 0 | F234: =F233+E234 -> 0 | I234: =I233+H234 -> 0 | L234: =L233+K234 -> 0
B235: 0 | C235: =C234+B235 -> 0 | E235: 0 | F235: =F234+E235 -> 0 | I235: =I234+H235 -> 0 | L235: =L234+K235 -> 0
B236: 0 | C236: =C235+B236 -> 0 | E236: 0 | F236: =F235+E236 -> 0 | I236: =I235+H236 -> 0 | L236: =L235+K236 -> 0
B237: 0 | C237: =C236+B237 -> 0 | E237: 0 | F237: =F236+E237 -> 0 | I237: =I236+H237 -> 0 | L237: =L236+K237 -> 0
B238: 0 | C238: =C237+B238 -> 0 | E238: 0 | F238: =F237+E238 -> 0 | I238: =I237+H238 -> 0 | L238: =L237+K238 -> 0
B239: 0 | C239: =C238+B239 -> 0 | E239: 0 | F239: =F238+E239 -> 0 | I239: =I238+H239 -> 0 | L239: =L238+K239 -> 0
B240: 0 | C240: =C239+B240 -> 0 | E240: 0 | F240: =F239+E240 -> 0 | I240: =I239+H240 -> 0 | L240: =L239+K240 -> 0
B241: 0 | C241: =C240+B241 -> 0 | E241: 0 | F241: =F240+E241 -> 0 | I241: =I240+H241 -> 0 | L241: =L240+K241 -> 0
... B283: 0 | C283: =C282+B283 -> 0 | E283: 0 | F283: =F282+E283 -> 0 | I283: =I282+H283 -> 0 | L283: =L282+K283 -> 0
B284: 0 | C284: =C283+B284 -> 0 | E284: 0 | F284: =F283+E284 -> 0 | H284: 0 | I284: =I283+H284 -> 0 | K284: 0 | L284: =L283+K284 -> 0
B285: 0 | C285: =C284+B285 -> 0 | E285: 0 | F285: =F284+E285 -> 0 | H285: 0 | I285: =I284+H285 -> 0 | K285: 0 | L285: =L284+K285 -> 0
B286: 0 | C286: =C285+B286 -> 0 | E286: 0 | F286: =F285+E286 -> 0 | H286: 0 | I286: =I285+H286 -> 0 | K286: 0 | L286: =L285+K286 -> 0
B287: 0 | C287: =C286+B287 -> 0 | E287: 0 | F287: =F286+E287 -> 0 | H287: 0 | I287: =I286+H287 -> 0 | K287: 0 | L287: =L286+K287 -> 0
B288: 0 | C288: =C287+B288 -> 0 | E288: 0 | F288: =F287+E288 -> 0 | H288: 0 | I288: =I287+H288 -> 0 | K288: 0 | L288: =L287+K288 -> 0
B289: 0 | C289: =C288+B289 -> 0 | E289: 0 | F289: =F288+E289 -> 0 | H289: 0 | I289: =I288+H289 -> 0 | K289: 0 | L289: =L288+K289 -> 0
B290: 0 | C290: =C289+B290 -> 0 | E290: 0 | F290: =F289+E290 -> 0 | H290: 0 | I290: =I289+H290 -> 0 | K290: 0 | L290: =L289+K290 -> 0
B291: 0 | C291: =C290+B291 -> 0 | E291: 0 | F291: =F290+E291 -> 0 | H291: 0 | I291: =I290+H291 -> 0 | K291: 0 | L291: =L290+K291 -> 0
B292: 0 | C292: =C291+B292 -> 0 | E292: 0 | F292: =F291+E292 -> 0 | H292: 0 | I292: =I291+H292 -> 0 | K292: 0 | L292: =L291+K292 -> 0
B293: 0 | C293: =C292+B293 -> 0 | E293: 0 | F293: =F292+E293 -> 0 | H293: 0 | I293: =I292+H293 -> 0 | K293: 0 | L293: =L292+K293 -> 0
B294: 0 | C294: =C293+B294 -> 0 | E294: 0 | F294: =F293+E294 -> 0 | H294: 0 | I294: =I293+H294 -> 0 | K294: 0 | L294: =L293+K294 -> 0
B295: 0 | C295: =C294+B295 -> 0 | E295: 0 | F295: =F294+E295 -> 0 | H295: 0 | I295: =I294+H295 -> 0 | K295: 0 | L295: =L294+K295 -> 0
... B1000: 0 | C1000: =C999+B1000 -> 0 | E1000: 0 | F1000: =F999+E1000 -> 0 | H1000: 0 | I1000: =I999+H1000 -> 0 | K1000: 0 | L1000: =L999+K1000 -> 0

Sheet 点数表_四麻
A1: 日付 | B1: きよ | C1: 合計点数 | D1: 順位 | E1: やまだ | F1: 合計点数 | G1: 順位 | H1: よしたに | I1: 合計点数 | J1: 順位 | K1: こたろー | L1: 合計点数 | M1: 順位 | N1: れい | O1: 合計点数 | P1: 順位 | Q1: ひなた | R1: 合計点数 | S1: 順位 | T1: 全合計
A2: 46057 | B2: 22.3 | C2: =B2 -> 22.3 | D2: 3 | E2: 64.7 | F2: =E2 -> 64.7 | G2: 2 | H2: -70.8 | I2: =H2 -> -70.8 | J2: 0 | K2: -16.2 | L2: =K2 -> -16.2 | M2: 1 | N2: 0 | O2: =N2 -> 0 | P2: 4 | Q2: 0 | R2: =Q2 -> 0 | S2: 0 | T2: =ROUND($B2+$E2+$H2+$K2+$N2+Q2,10) -> 0
B3: -25.4 | C3: =C2+B3 -> -3.1 | D3: 3 | E3: -51.5 | F3: =F2+E3 -> 13.2 | G3: 4 | H3: 76.1 | I3: =I2+H3 -> 5.3 | J3: 0 | K3: 0.8 | L3: =L2+K3 -> -15.4 | M3: 2 | N3: 0 | O3: =O2+N3 -> 0 | P3: 1 | Q3: 0 | R3: =R2+Q3 -> 0 | S3: 0 | T3: =ROUND($B3+$E3+$H3+$K3+$N3+Q3,10) -> 0
B4: 56.9 | C4: =C3+B4 -> 53.8 | D4: 3 | E4: 8.4 | F4: =F3+E4 -> 21.6 | G4: 4 | H4: -13.6 | I4: =I3+H4 -> -8.3 | J4: 0 | K4: -51.7 | L4: =L3+K4 -> -67.1 | M4: 1 | N4: 0 | O4: =O3+N4 -> 0 | P4: 2 | Q4: 0 | R4: =R3+Q4 -> 0 | S4: 0 | T4: =ROUND($B4+$E4+$H4+$K4+$N4+Q4,10) -> 0
B5: 54.3 | C5: =C4+B5 -> 108.1 | D5: 4 | E5: -20 | F5: =F4+E5 -> 1.6 | G5: 2 | H5: -46.9 | I5: =I4+H5 -> -55.2 | J5: 0 | K5: 12.6 | L5: =L4+K5 -> -54.5 | M5: 1 | N5: 0 | O5: =O4+N5 -> 0 | P5: 2 | Q5: 0 | R5: =R4+Q5 -> 0 | S5: 0 | T5: =ROUND($B5+$E5+$H5+$K5+$N5+Q5,10) -> 0
B6: 13.6 | C6: =C5+B6 -> 121.7 | D6: 3 | E6: -51.9 | F6: =F5+E6 -> -50.3 | G6: 1 | H6: -15.8 | I6: =I5+H6 -> -71 | J6: 0 | K6: 54.1 | L6: =L5+K6 -> -0.4 | M6: 4 | N6: 0 | O6: =O5+N6 -> 0 | P6: 2 | Q6: 0 | R6: =R5+Q6 -> 0 | S6: 0 | T6: =ROUND($B6+$E6+$H6+$K6+$N6+Q6,10) -> 0
B7: 65 | C7: =C6+B7 -> 186.7 | D7: 2 | E7: -11.1 | F7: =F6+E7 -> -61.4 | G7: 4 | H7: -78 | I7: =I6+H7 -> -149 | J7: 0 | K7: 24.1 | L7: =L6+K7 -> 23.7 | M7: 3 | N7: 0 | O7: =O6+N7 -> 0 | P7: 1 | Q7: 0 | R7: =R6+Q7 -> 0 | S7: 0 | T7: =ROUND($B7+$E7+$H7+$K7+$N7+Q7,10) -> 0
A8: 46064 | B8: -20.1 | C8: =C7+B8 -> 166.6 | D8: 2 | E8: 10.5 | F8: =F7+E8 -> -50.9 | G8: 3 | H8: 69.6 | I8: =I7+H8 -> -79.4 | J8: 0 | K8: -62 | L8: =L7+K8 -> -38.3 | M8: 1 | N8: 0 | O8: =O7+N8 -> 0 | P8: 4 | Q8: 0 | R8: =R7+Q8 -> 0 | S8: 0 | T8: =ROUND($B8+$E8+$H8+$K8+$N8+Q8,10) -> -2
B9: -43.4 | C9: =C8+B9 -> 123.2 | D9: 2 | E9: 5.6 | F9: =F8+E9 -> -45.3 | G9: 1 | H9: 53.3 | I9: =I8+H9 -> -26.1 | J9: 0 | K9: -15.5 | L9: =L8+K9 -> -53.8 | M9: 4 | N9: 0 | O9: =O8+N9 -> 0 | P9: 3 | Q9: 0 | R9: =R8+Q9 -> 0 | S9: 0 | T9: =ROUND($B9+$E9+$H9+$K9+$N9+Q9,10) -> 0
B10: -21.2 | C10: =C9+B10 -> 102 | D10: 1 | E10: 58.9 | F10: =F9+E10 -> 13.6 | G10: 2 | H10: -53.9 | I10: =I9+H10 -> -80 | J10: 4 | K10: 16.2 | L10: =L9+K10 -> -37.6 | M10: 0 | N10: 0 | O10: =O9+N10 -> 0 | P10: 3 | Q10: 0 | R10: =R9+Q10 -> 0 | S10: 0 | T10: =ROUND($B10+$E10+$H10+$K10+$N10+Q10,10) -> 0
B11: 73.9 | C11: =C10+B11 -> 175.9 | D11: 1 | E11: -51.1 | F11: =F10+E11 -> -37.5 | G11: 2 | H11: -25.9 | I11: =I10+H11 -> -105.9 | J11: 4 | K11: 3.1 | L11: =L10+K11 -> -34.5 | M11: 3 | N11: 0 | O11: =O10+N11 -> 0 | P11: 0 | Q11: 0 | R11: =R10+Q11 -> 0 | S11: 0 | T11: =ROUND($B11+$E11+$H11+$K11+$N11+Q11,10) -> 0
B12: -44.6 | C12: =C11+B12 -> 131.3 | D12: 1 | E12: -20.5 | F12: =F11+E12 -> -58 | G12: 2 | H12: 60.1 | I12: =I11+H12 -> -45.8 | J12: 4 | K12: 5 | L12: =L11+K12 -> -29.5 | M12: 3 | N12: 0 | O12: =O11+N12 -> 0 | P12: 0 | Q12: 0 | R12: =R11+Q12 -> 0 | S12: 0 | T12: =ROUND($B12+$E12+$H12+$K12+$N12+Q12,10) -> 0
B13: -55 | C13: =C12+B13 -> 76.3 | D13: 3 | E13: 2.9 | F13: =F12+E13 -> -55.1 | G13: 4 | H13: 83.4 | I13: =I12+H13 -> 37.6 | J13: 2 | K13: -32.3 | L13: =L12+K13 -> -61.8 | M13: 1 | N13: 0 | O13: =O12+N13 -> 0 | P13: 0 | Q13: 0 | R13: =R12+Q13 -> 0 | S13: 0 | T13: =ROUND($B13+$E13+$H13+$K13+$N13+Q13,10) -> -1
B14: 54.2 | C14: =C13+B14 -> 130.5 | D14: 3 | E14: -17.8 | F14: =F13+E14 -> -72.9 | G14: 1 | H14: -39.6 | I14: =I13+H14 -> -2 | J14: 4 | K14: 3.2 | L14: =L13+K14 -> -58.6 | M14: 2 | N14: 0 | O14: =O13+N14 -> 0 | P14: 0 | Q14: 0 | R14: =R13+Q14 -> 0 | S14: 0 | T14: =ROUND($B14+$E14+$H14+$K14+$N14+Q14,10) -> 0
B15: 54 | C15: =C14+B15 -> 184.5 | D15: 1 | E15: 6.3 | F15: =F14+E15 -> -66.6 | G15: 4 | H15: -45.4 | I15: =I14+H15 -> -47.4 | J15: 3 | K15: -14.9 | L15: =L14+K15 -> -73.5 | M15: 2 | N15: 0 | O15: =O14+N15 -> 0 | P15: 0 | Q15: 0 | R15: =R14+Q15 -> 0 | S15: 0 | T15: =ROUND($B15+$E15+$H15+$K15+$N15+Q15,10) -> 0
B16: -14.8 | C16: =C15+B16 -> 169.7 | D16: 1 | E16: -45.2 | F16: =F15+E16 -> -111.8 | G16: 3 | H16: 7.7 | I16: =I15+H16 -> -39.7 | J16: 2 | K16: 52.3 | L16: =L15+K16 -> -21.2 | M16: 4 | N16: 0 | O16: =O15+N16 -> 0 | P16: 0 | Q16: 0 | R16: =R15+Q16 -> 0 | S16: 0 | T16: =ROUND($B16+$E16+$H16+$K16+$N16+Q16,10) -> 0
A17: 46071 | B17: -25.7 | C17: =C16+B17 -> 144 | D17: 2 | E17: 20.6 | F17: =F16+E17 -> -91.2 | G17: 3 | H17: -83.3 | I17: =I16+H17 -> -123 | J17: 0 | K17: 88.4 | L17: =L16+K17 -> 67.2 | M17: 1 | N17: 0 | O17: =O16+N17 -> 0 | P17: 0 | Q17: 0 | R17: =R16+Q17 -> 0 | S17: 0 | T17: =ROUND($B17+$E17+$H17+$K17+$N17+Q17,10) -> 0
B18: 6.3 | C18: =C17+B18 -> 150.3 | D18: 2 | E18: 63 | F18: =F17+E18 -> -28.2 | G18: 1 | H18: -16.3 | I18: =I17+H18 -> -139.3 | J18: 0 | K18: -53 | L18: =L17+K18 -> 14.2 | M18: 4 | N18: 0 | O18: =O17+N18 -> 0 | P18: 0 | Q18: 0 | R18: =R17+Q18 -> 0 | S18: 0 | T18: =ROUND($B18+$E18+$H18+$K18+$N18+Q18,10) -> 0
B19: -49.9 | C19: =C18+B19 -> 100.4 | D19: 1 | E19: -28.9 | F19: =F18+E19 -> -57.1 | G19: 2 | H19: 11 | I19: =I18+H19 -> -128.3 | J19: 4 | K19: 67.8 | L19: =L18+K19 -> 82 | M19: 0 | N19: 0 | O19: =O18+N19 -> 0 | P19: 0 | Q19: 0 | R19: =R18+Q19 -> 0 | S19: 0 | T19: =ROUND($B19+$E19+$H19+$K19+$N19+Q19,10) -> 0
B20: 2.9 | C20: =C19+B20 -> 103.3 | D20: 1 | E20: -24.1 | F20: =F19+E20 -> -81.2 | G20: 2 | H20: -57.3 | I20: =I19+H20 -> -185.6 | J20: 4 | K20: 78.5 | L20: =L19+K20 -> 160.5 | M20: 3 | N20: 0 | O20: =O19+N20 -> 0 | P20: 0 | Q20: 0 | R20: =R19+Q20 -> 0 | S20: 0 | T20: =ROUND($B20+$E20+$H20+$K20+$N20+Q20,10) -> 0
B21: 3.9 | C21: =C20+B21 -> 107.2 | D21: 1 | E21: -46.4 | F21: =F20+E21 -> -127.6 | G21: 2 | H21: 62.7 | I21: =I20+H21 -> -122.9 | J21: 4 | K21: -20.2 | L21: =L20+K21 -> 140.3 | M21: 3 | N21: 0 | O21: =O20+N21 -> 0 | P21: 0 | Q21: 0 | R21: =R20+Q21 -> 0 | S21: 0 | T21: =ROUND($B21+$E21+$H21+$K21+$N21+Q21,10) -> 0
B22: 10.6 | C22: =C21+B22 -> 117.8 | D22: 3 | E22: 74.9 | F22: =F21+E22 -> -52.7 | G22: 4 | H22: -31 | I22: =I21+H22 -> -153.9 | J22: 2 | K22: -54.5 | L22: =L21+K22 -> 85.8 | M22: 1 | N22: 0 | O22: =O21+N22 -> 0 | P22: 0 | Q22: 0 | R22: =R21+Q22 -> 0 | S22: 0 | T22: =ROUND($B22+$E22+$H22+$K22+$N22+Q22,10) -> 0
B23: -57.9 | C23: =C22+B23 -> 59.9 | D23: 3 | E23: -12.9 | F23: =F22+E23 -> -65.6 | G23: 1 | H23: 104.3 | I23: =I22+H23 -> -49.6 | J23: 4 | K23: -33.5 | L23: =L22+K23 -> 52.3 | M23: 2 | N23: 0 | O23: =O22+N23 -> 0 | P23: 0 | Q23: 0 | R23: =R22+Q23 -> 0 | S23: 0 | T23: =ROUND($B23+$E23+$H23+$K23+$N23+Q23,10) -> 0
A24: 46098 | B24: 75.9 | C24: =C23+B24 -> 135.8 | D24: 1 | E24: 0 | F24: =F23+E24 -> -65.6 | G24: 4 | H24: -79.8 | I24: =I23+H24 -> -129.4 | J24: 3 | K24: -15 | L24: =L23+K24 -> 37.3 | M24: 2 | N24: 18.9 | O24: =O23+N24 -> 18.9 | P24: 0 | Q24: 0 | R24: =R23+Q24 -> 0 | S24: 0 | T24: =ROUND($B24+$E24+$H24+$K24+$N24+Q24,10) -> 0
B25: 52.7 | C25: =C24+B25 -> 188.5 | D25: 1 | E25: 0 | F25: =F24+E25 -> -65.6 | G25: 3 | H25: 11.7 | I25: =I24+H25 -> -117.7 | J25: 2 | K25: -18.6 | L25: =L24+K25 -> 18.7 | M25: 4 | N25: -45.8 | O25: =O24+N25 -> -26.9 | P25: 2 | Q25: 0 | R25: =R24+Q25 -> 0 | S25: 0 | T25: =ROUND($B25+$E25+$H25+$K25+$N25+Q25,10) -> 0
B26: 13.7 | C26: =C25+B26 -> 202.2 | D26: 1 | E26: 0 | F26: =F25+E26 -> -65.6 | G26: 2 | H26: 55.3 | I26: =I25+H26 -> -62.4 | J26: 3 | K26: -18.6 | L26: =L25+K26 -> 0.1 | M26: 4 | N26: -50.4 | O26: =O25+N26 -> -77.3 | P26: 4 | Q26: 0 | R26: =R25+Q26 -> 0 | S26: 0 | T26: =ROUND($B26+$E26+$H26+$K26+$N26+Q26,10) -> 0
B27: 67.7 | C27: =C26+B27 -> 269.9 | D27: 3 | E27: -23.6 | F27: =F26+E27 -> -89.2 | G27: 4 | H27: 0 | I27: =I26+H27 -> -62.4 | J27: 1 | K27: -51 | L27: =L26+K27 -> -50.9 | M27: 2 | N27: 6.9 | O27: =O26+N27 -> -70.4 | P27: 4 | Q27: 0 | R27: =R26+Q27 -> 0 | S27: 0 | T27: =ROUND($B27+$E27+$H27+$K27+$N27+Q27,10) -> 0
B28: 2.6 | C28: =C27+B28 -> 272.5 | D28: 2 | E28: 93 | F28: =F27+E28 -> 3.8 | G28: 3 | H28: -58.7 | I28: =I27+H28 -> -121.1 | J28: 4 | K28: -36.9 | L28: =L27+K28 -> -87.8 | M28: 1 | N28: 0 | O28: =O27+N28 -> -70.4 | P28: 4 | Q28: 0 | R28: =R27+Q28 -> 0 | S28: 0 | T28: =ROUND($B28+$E28+$H28+$K28+$N28+Q28,10) -> 0
B29: -18.8 | C29: =C28+B29 -> 253.7 | D29: 2 | E29: 2.9 | F29: =F28+E29 -> 6.7 | G29: 4 | H29: 59.6 | I29: =I28+H29 -> -61.5 | J29: 3 | K29: 0 | L29: =L28+K29 -> -87.8 | M29: 1 | N29: -43.7 | O29: =O28+N29 -> -114.1 | P29: 3 | Q29: 0 | R29: =R28+Q29 -> 0 | S29: 0 | T29: =ROUND($B29+$E29+$H29+$K29+$N29+Q29,10) -> 0
B30: 0 | C30: =C29+B30 -> 253.7 | D30: 1 | E30: 24.5 | F30: =F29+E30 -> 31.2 | G30: 2 | H30: 68.8 | I30: =I29+H30 -> 7.3 | J30: 3 | K30: -25 | L30: =L29+K30 -> -112.8 | M30: 4 | N30: -68.3 | O30: =O29+N30 -> -182.4 | P30: 2 | Q30: 0 | R30: =R29+Q30 -> 0 | S30: 0 | T30: =ROUND($B30+$E30+$H30+$K30+$N30+Q30,10) -> 0
B31: -40.1 | C31: =C30+B31 -> 213.6 | D31: 1 | E31: 51.2 | F31: =F30+E31 -> 82.4 | G31: 4 | H31: 0 | I31: =I30+H31 -> 7.3 | J31: 3 | K31: -18.3 | L31: =L30+K31 -> -131.1 | M31: 2 | N31: 7.2 | O31: =O30+N31 -> -175.2 | P31: 4 | Q31: 0 | R31: =R30+Q31 -> 0 | S31: 0 | T31: =ROUND($B31+$E31+$H31+$K31+$N31+Q31,10) -> 0
B32: -15.8 | C32: =C31+B32 -> 197.8 | D32: 1 | E32: 6.2 | F32: =F31+E32 -> 88.6 | G32: 3 | H32: -38.4 | I32: =I31+H32 -> -31.1 | J32: 2 | K32: 48 | L32: =L31+K32 -> -83.1 | M32: 4 | N32: 0 | O32: =O31+N32 -> -175.2 | P32: 3 | Q32: 0 | R32: =R31+Q32 -> 0 | S32: 0 | T32: =ROUND($B32+$E32+$H32+$K32+$N32+Q32,10) -> 0
A33: 46113 | B33: -21.3 | C33: =C32+B33 -> 176.5 | E33: 57.6 | F33: =F32+E33 -> 146.2 | H33: 0 | I33: =I32+H33 -> -31.1 | K33: 16.8 | L33: =L32+K33 -> -66.3 | N33: -53.1 | O33: =O32+N33 -> -228.3 | Q33: 0 | R33: =R32+Q33 -> 0 | S33: 0 | T33: =ROUND($B33+$E33+$H33+$K33+$N33+Q33,10) -> 0
B34: -47.9 | C34: =C33+B34 -> 128.6 | E34: -23.4 | F34: =F33+E34 -> 122.8 | H34: 0 | I34: =I33+H34 -> -31.1 | K34: 72.3 | L34: =L33+K34 -> 6 | N34: -1 | O34: =O33+N34 -> -229.3 | Q34: 0 | R34: =R33+Q34 -> 0 | S34: 0 | T34: =ROUND($B34+$E34+$H34+$K34+$N34+Q34,10) -> 0
B35: -44.9 | C35: =C34+B35 -> 83.7 | E35: 61.1 | F35: =F34+E35 -> 183.9 | H35: 0 | I35: =I34+H35 -> -31.1 | K35: 3.9 | L35: =L34+K35 -> 9.9 | N35: -20.1 | O35: =O34+N35 -> -249.4 | Q35: 0 | R35: =R34+Q35 -> 0 | S35: 0 | T35: =ROUND($B35+$E35+$H35+$K35+$N35+Q35,10) -> 0
B36: 5.7 | C36: =C35+B36 -> 89.4 | E36: -45.6 | F36: =F35+E36 -> 138.3 | H36: 0 | I36: =I35+H36 -> -31.1 | K36: 60.5 | L36: =L35+K36 -> 70.4 | N36: -20.6 | O36: =O35+N36 -> -270 | Q36: 0 | R36: =R35+Q36 -> 0 | S36: 0 | T36: =ROUND($B36+$E36+$H36+$K36+$N36+Q36,10) -> 0
B37: -51.1 | C37: =C36+B37 -> 38.3 | E37: 14.4 | F37: =F36+E37 -> 152.7 | H37: 0 | I37: =I36+H37 -> -31.1 | K37: -23.9 | L37: =L36+K37 -> 46.5 | N37: 60.6 | O37: =O36+N37 -> -209.4 | Q37: 0 | R37: =R36+Q37 -> 0 | S37: 0 | T37: =ROUND($B37+$E37+$H37+$K37+$N37+Q37,10) -> 0
B38: 49.9 | C38: =C37+B38 -> 88.2 | E38: 7.9 | F38: =F37+E38 -> 160.6 | H38: 0 | I38: =I37+H38 -> -31.1 | K38: -14.3 | L38: =L37+K38 -> 32.2 | N38: -43.5 | O38: =O37+N38 -> -252.9 | Q38: 0 | R38: =R37+Q38 -> 0 | S38: 0 | T38: =ROUND($B38+$E38+$H38+$K38+$N38+Q38,10) -> 0
A39: 46119 | B39: -54.2 | C39: =C38+B39 -> 34 | E39: 13.3 | F39: =F38+E39 -> 173.9 | H39: 60.6 | I39: =I38+H39 -> 29.5 | K39: -20.7 | L39: =L38+K39 -> 11.5 | N39: 0 | O39: =O38+N39 -> -252.9 | Q39: 0 | R39: =R38+Q39 -> 0 | S39: 0 | T39: =ROUND($B39+$E39+$H39+$K39+$N39+Q39,10) -> -1
B40: -31.1 | C40: =C39+B40 -> 2.9 | E40: -72.1 | F40: =F39+E40 -> 101.8 | H40: 75.7 | I40: =I39+H40 -> 105.2 | K40: 27.5 | L40: =L39+K40 -> 39 | N40: 0 | O40: =O39+N40 -> -252.9 | Q40: 0 | R40: =R39+Q40 -> 0 | S40: 0 | T40: =ROUND($B40+$E40+$H40+$K40+$N40+Q40,10) -> 0
B41: 57.9 | C41: =C40+B41 -> 60.8 | E41: -41.2 | F41: =F40+E41 -> 60.6 | H41: 2.2 | I41: =I40+H41 -> 107.4 | K41: -18.9 | L41: =L40+K41 -> 20.1 | N41: 0 | O41: =O40+N41 -> -252.9 | Q41: 0 | R41: =R40+Q41 -> 0 | S41: 0 | T41: =ROUND($B41+$E41+$H41+$K41+$N41+Q41,10) -> 0
B42: 5.1 | C42: =C41+B42 -> 65.9 | E42: 69.5 | F42: =F41+E42 -> 130.1 | H42: -48.8 | I42: =I41+H42 -> 58.6 | K42: -25.8 | L42: =L41+K42 -> -5.7 | N42: 0 | O42: =O41+N42 -> -252.9 | Q42: 0 | R42: =R41+Q42 -> 0 | S42: 0 | T42: =ROUND($B42+$E42+$H42+$K42+$N42+Q42,10) -> 0
B43: 79.6 | C43: =C42+B43 -> 145.5 | E43: -27.5 | F43: =F42+E43 -> 102.6 | H43: 0 | I43: =I42+H43 -> 58.6 | K43: -57 | L43: =L42+K43 -> -62.7 | N43: 4.9 | O43: =O42+N43 -> -248 | Q43: 0 | R43: =R42+Q43 -> 0 | S43: 0 | T43: =ROUND($B43+$E43+$H43+$K43+$N43+Q43,10) -> 0
B44: -16 | C44: =C43+B44 -> 129.5 | E44: 0 | F44: =F43+E44 -> 102.6 | H44: 56.6 | I44: =I43+H44 -> 115.2 | K44: 4.9 | L44: =L43+K44 -> -57.8 | N44: -45.5 | O44: =O43+N44 -> -293.5 | Q44: 0 | R44: =R43+Q44 -> 0 | S44: 0 | T44: =ROUND($B44+$E44+$H44+$K44+$N44+Q44,10) -> 0
B45: -22.7 | C45: =C44+B45 -> 106.8 | E45: 17.1 | F45: =F44+E45 -> 119.7 | H45: -55.6 | I45: =I44+H45 -> 59.6 | K45: 0 | L45: =L44+K45 -> -57.8 | N45: 61.2 | O45: =O44+N45 -> -232.3 | Q45: 0 | R45: =R44+Q45 -> 0 | S45: 0 | T45: =ROUND($B45+$E45+$H45+$K45+$N45+Q45,10) -> 0
B46: 0 | C46: =C45+B46 -> 106.8 | E46: 5.7 | F46: =F45+E46 -> 125.4 | H46: -23.1 | I46: =I45+H46 -> 36.5 | K46: -59.6 | L46: =L45+K46 -> -117.4 | N46: 77 | O46: =O45+N46 -> -155.3 | Q46: 0 | R46: =R45+Q46 -> 0 | S46: 0 | T46: =ROUND($B46+$E46+$H46+$K46+$N46+Q46,10) -> 0
B47: 88.8 | C47: =C46+B47 -> 195.6 | E47: -40.6 | F47: =F46+E47 -> 84.8 | H47: 0 | I47: =I46+H47 -> 36.5 | K47: -65.8 | L47: =L46+K47 -> -183.2 | N47: 17.6 | O47: =O46+N47 -> -137.7 | Q47: 0 | R47: =R46+Q47 -> 0 | S47: 0 | T47: =ROUND($B47+$E47+$H47+$K47+$N47+Q47,10) -> 0
A48: 46122 | B48: -59.1 | C48: =C47+B48 -> 136.5 | E48: 62.1 | F48: =F47+E48 -> 146.9 | H48: 17.3 | I48: =I47+H48 -> 53.8 | K48: -20.3 | L48: =L47+K48 -> -203.5 | N48: 0 | O48: =O47+N48 -> -137.7 | Q48: 0 | R48: =R47+Q48 -> 0 | S48: 0 | T48: =ROUND($B48+$E48+$H48+$K48+$N48+Q48,10) -> 0
B49: 10.7 | C49: =C48+B49 -> 147.2 | E49: -17.4 | F49: =F48+E49 -> 129.5 | H49: -62 | I49: =I48+H49 -> -8.2 | K49: 68.7 | L49: =L48+K49 -> -134.8 | N49: 0 | O49: =O48+N49 -> -137.7 | Q49: 0 | R49: =R48+Q49 -> 0 | S49: 0 | T49: =ROUND($B49+$E49+$H49+$K49+$N49+Q49,10) -> 0
B50: 58.3 | C50: =C49+B50 -> 205.5 | E50: -18.5 | F50: =F49+E50 -> 111 | H50: 5.7 | I50: =I49+H50 -> -2.5 | K50: -45.5 | L50: =L49+K50 -> -180.3 | N50: 0 | O50: =O49+N50 -> -137.7 | Q50: 0 | R50: =R49+Q50 -> 0 | S50: 0 | T50: =ROUND($B50+$E50+$H50+$K50+$N50+Q50,10) -> 0
B51: 54.1 | C51: =C50+B51 -> 259.6 | E51: 10.7 | F51: =F50+E51 -> 121.7 | H51: -13.5 | I51: =I50+H51 -> -16 | K51: -51.3 | L51: =L50+K51 -> -231.6 | N51: 0 | O51: =O50+N51 -> -137.7 | Q51: 0 | R51: =R50+Q51 -> 0 | S51: 0 | T51: =ROUND($B51+$E51+$H51+$K51+$N51+Q51,10) -> 0
B52: -60.3 | C52: =C51+B52 -> 199.3 | E52: -2.5 | F52: =F51+E52 -> 119.2 | H52: -23.2 | I52: =I51+H52 -> -39.2 | K52: 85 | L52: =L51+K52 -> -146.6 | N52: 0 | O52: =O51+N52 -> -137.7 | Q52: 0 | R52: =R51+Q52 -> 0 | S52: 0 | T52: =ROUND($B52+$E52+$H52+$K52+$N52+Q52,10) -> -1
A53: 46126 | B53: 71.8 | C53: =C52+B53 -> 271.1 | E53: 0 | F53: =F52+E53 -> 119.2 | H53: -21.1 | I53: =I52+H53 -> -60.3 | K53: -0.9 | L53: =L52+K53 -> -147.5 | N53: -49.8 | O53: =O52+N53 -> -187.5 | Q53: 0 | R53: =R52+Q53 -> 0 | S53: 0 | T53: =ROUND($B53+$E53+$H53+$K53+$N53+Q53,10) -> 0
B54: 10.8 | C54: =C53+B54 -> 281.9 | E54: 0 | F54: =F53+E54 -> 119.2 | H54: -21.4 | I54: =I53+H54 -> -81.7 | K54: 64.5 | L54: =L53+K54 -> -83 | N54: -53.9 | O54: =O53+N54 -> -241.4 | Q54: 0 | R54: =R53+Q54 -> 0 | S54: 0 | T54: =ROUND($B54+$E54+$H54+$K54+$N54+Q54,10) -> 0
B55: -30.5 | C55: =C54+B55 -> 251.4 | E55: -52.8 | F55: =F54+E55 -> 66.4 | H55: 8.4 | I55: =I54+H55 -> -73.3 | K55: 0 | L55: =L54+K55 -> -83 | N55: 74.9 | O55: =O54+N55 -> -166.5 | Q55: 0 | R55: =R54+Q55 -> 0 | S55: 0 | T55: =ROUND($B55+$E55+$H55+$K55+$N55+Q55,10) -> 0
B56: -54.7 | C56: =C55+B56 -> 196.7 | E56: 18.6 | F56: =F55+E56 -> 85 | H56: 66.7 | I56: =I55+H56 -> -6.6 | K56: -30.6 | L56: =L55+K56 -> -113.6 | N56: 0 | O56: =O55+N56 -> -166.5 | Q56: 0 | R56: =R55+Q56 -> 0 | S56: 0 | T56: =ROUND($B56+$E56+$H56+$K56+$N56+Q56,10) -> 0
B57: 0 | C57: =C56+B57 -> 196.7 | E57: 64.2 | F57: =F56+E57 -> 149.2 | H57: -61.2 | I57: =I56+H57 -> -67.8 | K57: -17.9 | L57: =L56+K57 -> -131.5 | N57: 14.9 | O57: =O56+N57 -> -151.6 | Q57: 0 | R57: =R56+Q57 -> 0 | S57: 0 | T57: =ROUND($B57+$E57+$H57+$K57+$N57+Q57,10) -> 0
B58: 63.7 | C58: =C57+B58 -> 260.4 | E58: 0 | F58: =F57+E58 -> 149.2 | H58: 6.7 | I58: =I57+H58 -> -61.1 | K58: -48.7 | L58: =L57+K58 -> -180.2 | N58: -21.7 | O58: =O57+N58 -> -173.3 | Q58: 0 | R58: =R57+Q58 -> 0 | S58: 0 | T58: =ROUND($B58+$E58+$H58+$K58+$N58+Q58,10) -> 0
B59: 81 | C59: =C58+B59 -> 341.4 | E59: 0 | F59: =F58+E59 -> 149.2 | H59: 6.2 | I59: =I58+H59 -> -54.9 | K59: -23.2 | L59: =L58+K59 -> -203.4 | N59: -64 | O59: =O58+N59 -> -237.3 | Q59: 0 | R59: =R58+Q59 -> 0 | S59: 0 | T59: =ROUND($B59+$E59+$H59+$K59+$N59+Q59,10) -> 0
A60: 46134 | B60: 12.9 | C60: =C59+B60 -> 354.3 | E60: -11.4 | F60: =F59+E60 -> 137.8 | H60: -61 | I60: =I59+H60 -> -115.9 | K60: 59.5 | L60: =L59+K60 -> -143.9 | N60: 0 | O60: =O59+N60 -> -237.3 | Q60: 0 | R60: =R59+Q60 -> 0 | S60: 0 | T60: =ROUND($B60+$E60+$H60+$K60+$N60+Q60,10) -> 0
B61: 59.8 | C61: =C60+B61 -> 414.1 | E61: 9.2 | F61: =F60+E61 -> 147 | H61: -45.1 | I61: =I60+H61 -> -161 | K61: -23.9 | L61: =L60+K61 -> -167.8 | N61: 0 | O61: =O60+N61 -> -237.3 | Q61: 0 | R61: =R60+Q61 -> 0 | S61: 0 | T61: =ROUND($B61+$E61+$H61+$K61+$N61+Q61,10) -> 0
B62: 91.5 | C62: =C61+B62 -> 505.6 | E62: -57.4 | F62: =F61+E62 -> 89.6 | H62: -5.9 | I62: =I61+H62 -> -166.9 | K62: -28.2 | L62: =L61+K62 -> -196 | N62: 0 | O62: =O61+N62 -> -237.3 | Q62: 0 | R62: =R61+Q62 -> 0 | S62: 0 | T62: =ROUND($B62+$E62+$H62+$K62+$N62+Q62,10) -> 0
B63: -22.3 | C63: =C62+B63 -> 483.3 | E63: 68 | F63: =F62+E63 -> 157.6 | H63: -54 | I63: =I62+H63 -> -220.9 | K63: 8.3 | L63: =L62+K63 -> -187.7 | N63: 0 | O63: =O62+N63 -> -237.3 | Q63: 0 | R63: =R62+Q63 -> 0 | S63: 0 | T63: =ROUND($B63+$E63+$H63+$K63+$N63+Q63,10) -> 0
B64: 69.9 | C64: =C63+B64 -> 553.2 | E64: 4.9 | F64: =F63+E64 -> 162.5 | H64: -16 | I64: =I63+H64 -> -236.9 | K64: -58.8 | L64: =L63+K64 -> -246.5 | N64: 0 | O64: =O63+N64 -> -237.3 | Q64: 0 | R64: =R63+Q64 -> 0 | S64: 0 | T64: =ROUND($B64+$E64+$H64+$K64+$N64+Q64,10) -> 0
B65: 67.4 | C65: =C64+B65 -> 620.6 | E65: 22 | F65: =F64+E65 -> 184.5 | H65: 0 | I65: =I64+H65 -> -236.9 | K65: -63 | L65: =L64+K65 -> -309.5 | N65: -26.4 | O65: =O64+N65 -> -263.7 | Q65: 0 | R65: =R64+Q65 -> 0 | S65: 0 | T65: =ROUND($B65+$E65+$H65+$K65+$N65+Q65,10) -> 0
B66: 0 | C66: =C65+B66 -> 620.6 | E66: 55.8 | F66: =F65+E66 -> 240.3 | H66: -39.9 | I66: =I65+H66 -> -276.8 | K66: -19.8 | L66: =L65+K66 -> -329.3 | N66: 3.9 | O66: =O65+N66 -> -259.8 | Q66: 0 | R66: =R65+Q66 -> 0 | S66: 0 | T66: =ROUND($B66+$E66+$H66+$K66+$N66+Q66,10) -> 0
B67: -54.7 | C67: =C66+B67 -> 565.9 | E67: -24.4 | F67: =F66+E67 -> 215.9 | H67: 61.4 | I67: =I66+H67 -> -215.4 | K67: 0 | L67: =L66+K67 -> -329.3 | N67: 17.7 | O67: =O66+N67 -> -242.1 | Q67: 0 | R67: =R66+Q67 -> 0 | S67: 0 | T67: =ROUND($B67+$E67+$H67+$K67+$N67+Q67,10) -> 0
B68: 65.4 | C68: =C67+B68 -> 631.3 | E68: 0 | F68: =F67+E68 -> 215.9 | H68: 5.3 | I68: =I67+H68 -> -210.1 | K68: -53.8 | L68: =L67+K68 -> -383.1 | N68: -16.9 | O68: =O67+N68 -> -259 | Q68: 0 | R68: =R67+Q68 -> 0 | S68: 0 | T68: =ROUND($B68+$E68+$H68+$K68+$N68+Q68,10) -> 0
B69: -49.4 | C69: =C68+B69 -> 581.9 | E69: 0 | F69: =F68+E69 -> 215.9 | H69: 4.3 | I69: =I68+H69 -> -205.8 | K69: -18.5 | L69: =L68+K69 -> -401.6 | N69: 63.6 | O69: =O68+N69 -> -195.4 | Q69: 0 | R69: =R68+Q69 -> 0 | S69: 0 | T69: =ROUND($B69+$E69+$H69+$K69+$N69+Q69,10) -> 0
A70: 46140 | B70: 65.2 | C70: =C69+B70 -> 647.1 | E70: 0 | F70: =F69+E70 -> 215.9 | H70: -65.4 | I70: =I69+H70 -> -271.2 | K70: 22.3 | L70: =L69+K70 -> -379.3 | N70: -22.1 | O70: =O69+N70 -> -217.5 | Q70: 0 | R70: =R69+Q70 -> 0 | S70: 0 | T70: =ROUND($B70+$E70+$H70+$K70+$N70+Q70,10) -> 0
B71: -57 | C71: =C70+B71 -> 590.1 | E71: 0 | F71: =F70+E71 -> 215.9 | H71: -28.1 | I71: =I70+H71 -> -299.3 | K71: 2 | L71: =L70+K71 -> -377.3 | N71: 83.1 | O71: =O70+N71 -> -134.4 | Q71: 0 | R71: =R70+Q71 -> 0 | S71: 0 | T71: =ROUND($B71+$E71+$H71+$K71+$N71+Q71,10) -> 0
A72: 46145 | B72: -48.1 | C72: =C71+B72 -> 542 | E72: -18 | F72: =F71+E72 -> 197.9 | H72: 5.5 | I72: =I71+H72 -> -293.8 | K72: 60.6 | L72: =L71+K72 -> -316.7 | N72: 0 | O72: =O71+N72 -> -134.4 | Q72: 0 | R72: =R71+Q72 -> 0 | S72: 0 | T72: =ROUND($B72+$E72+$H72+$K72+$N72+Q72,10) -> 0
B73: 6.8 | C73: =C72+B73 -> 548.8 | E73: -14.5 | F73: =F72+E73 -> 183.4 | H73: 48.8 | I73: =I72+H73 -> -245 | K73: -41.1 | L73: =L72+K73 -> -357.8 | N73: 0 | O73: =O72+N73 -> -134.4 | Q73: 0 | R73: =R72+Q73 -> 0 | S73: 0 | T73: =ROUND($B73+$E73+$H73+$K73+$N73+Q73,10) -> 0
B74: 7.7 | C74: =C73+B74 -> 556.5 | E74: 71.6 | F74: =F73+E74 -> 255 | H74: -55.7 | I74: =I73+H74 -> -300.7 | K74: -23.6 | L74: =L73+K74 -> -381.4 | N74: 0 | O74: =O73+N74 -> -134.4 | Q74: 0 | R74: =R73+Q74 -> 0 | S74: 0 | T74: =ROUND($B74+$E74+$H74+$K74+$N74+Q74,10) -> 0
B75: 2.5 | C75: =C74+B75 -> 559 | E75: 65.9 | F75: =F74+E75 -> 320.9 | H75: -50.6 | I75: =I74+H75 -> -351.3 | K75: -17.8 | L75: =L74+K75 -> -399.2 | N75: 0 | O75: =O74+N75 -> -134.4 | Q75: 0 | R75: =R74+Q75 -> 0 | S75: 0 | T75: =ROUND($B75+$E75+$H75+$K75+$N75+Q75,10) -> 0
B76: 56.2 | C76: =C75+B76 -> 615.2 | E76: -15.8 | F76: =F75+E76 -> 305.1 | H76: -51.8 | I76: =I75+H76 -> -403.1 | K76: 11.4 | L76: =L75+K76 -> -387.8 | N76: 0 | O76: =O75+N76 -> -134.4 | Q76: 0 | R76: =R75+Q76 -> 0 | S76: 0 | T76: =ROUND($B76+$E76+$H76+$K76+$N76+Q76,10) -> 0
B77: 5.7 | C77: =C76+B77 -> 620.9 | E77: -23.1 | F77: =F76+E77 -> 282 | H77: -45 | I77: =I76+H77 -> -448.1 | K77: 62.4 | L77: =L76+K77 -> -325.4 | N77: 0 | O77: =O76+N77 -> -134.4 | Q77: 0 | R77: =R76+Q77 -> 0 | S77: 0 | T77: =ROUND($B77+$E77+$H77+$K77+$N77+Q77,10) -> 0
B78: 74.9 | C78: =C77+B78 -> 695.8 | E78: 32.4 | F78: =F77+E78 -> 314.4 | H78: -71.4 | I78: =I77+H78 -> -519.5 | K78: -35.9 | L78: =L77+K78 -> -361.3 | N78: 0 | O78: =O77+N78 -> -134.4 | Q78: 0 | R78: =R77+Q78 -> 0 | S78: 0 | T78: =ROUND($B78+$E78+$H78+$K78+$N78+Q78,10) -> 0
B79: 49.9 | C79: =C78+B79 -> 745.7 | E79: -40.7 | F79: =F78+E79 -> 273.7 | H79: -15.7 | I79: =I78+H79 -> -535.2 | K79: 6.5 | L79: =L78+K79 -> -354.8 | N79: 0 | O79: =O78+N79 -> -134.4 | Q79: 0 | R79: =R78+Q79 -> 0 | S79: 0 | T79: =ROUND($B79+$E79+$H79+$K79+$N79+Q79,10) -> 0
B80: -21.1 | C80: =C79+B80 -> 724.6 | E80: 70 | F80: =F79+E80 -> 343.7 | H80: -65.8 | I80: =I79+H80 -> -601 | K80: 16.9 | L80: =L79+K80 -> -337.9 | N80: 0 | O80: =O79+N80 -> -134.4 | Q80: 0 | R80: =R79+Q80 -> 0 | S80: 0 | T80: =ROUND($B80+$E80+$H80+$K80+$N80+Q80,10) -> 0
B81: -60.8 | C81: =C80+B81 -> 663.8 | E81: -26.6 | F81: =F80+E81 -> 317.1 | H81: 66.2 | I81: =I80+H81 -> -534.8 | K81: 21.2 | L81: =L80+K81 -> -316.7 | N81: 0 | O81: =O80+N81 -> -134.4 | Q81: 0 | R81: =R80+Q81 -> 0 | S81: 0 | T81: =ROUND($B81+$E81+$H81+$K81+$N81+Q81,10) -> 0
A82: 46148 | B82: 60.3 | C82: =C81+B82 -> 724.1 | E82: -19.5 | F82: =F81+E82 -> 297.6 | H82: 11.5 | I82: =I81+H82 -> -523.3 | K82: -52.3 | L82: =L81+K82 -> -369 | N82: 0 | O82: =O81+N82 -> -134.4 | Q82: 0 | R82: =R81+Q82 -> 0 | S82: 0 | T82: =ROUND($B82+$E82+$H82+$K82+$N82+Q82,10) -> 0
B83: -46.8 | C83: =C82+B83 -> 677.3 | E83: 55.4 | F83: =F82+E83 -> 353 | H83: -18.1 | I83: =I82+H83 -> -541.4 | K83: 8.5 | L83: =L82+K83 -> -360.5 | N83: 0 | O83: =O82+N83 -> -134.4 | Q83: 0 | R83: =R82+Q83 -> 0 | S83: 0 | T83: =ROUND($B83+$E83+$H83+$K83+$N83+Q83,10) -> -1
B84: 3.3 | C84: =C83+B84 -> 680.6 | E84: -17.5 | F84: =F83+E84 -> 335.5 | H84: -42.6 | I84: =I83+H84 -> -584 | K84: 56.8 | L84: =L83+K84 -> -303.7 | N84: 0 | O84: =O83+N84 -> -134.4 | Q84: 0 | R84: =R83+Q84 -> 0 | S84: 0 | T84: =ROUND($B84+$E84+$H84+$K84+$N84+Q84,10) -> 0
B85: -42.6 | C85: =C84+B85 -> 638 | E85: -19.3 | F85: =F84+E85 -> 316.2 | H85: 52.5 | I85: =I84+H85 -> -531.5 | K85: 9.4 | L85: =L84+K85 -> -294.3 | N85: 0 | O85: =O84+N85 -> -134.4 | Q85: 0 | R85: =R84+Q85 -> 0 | S85: 0 | T85: =ROUND($B85+$E85+$H85+$K85+$N85+Q85,10) -> 0
B86: 72.9 | C86: =C85+B86 -> 710.9 | E86: -27.8 | F86: =F85+E86 -> 288.4 | H86: 16.1 | I86: =I85+H86 -> -515.4 | K86: -61.2 | L86: =L85+K86 -> -355.5 | N86: 0 | O86: =O85+N86 -> -134.4 | Q86: 0 | R86: =R85+Q86 -> 0 | S86: 0 | T86: =ROUND($B86+$E86+$H86+$K86+$N86+Q86,10) -> 0
B87: -21.6 | C87: =C86+B87 -> 689.3 | E87: -69.4 | F87: =F86+E87 -> 219 | H87: 21 | I87: =I86+H87 -> -494.4 | K87: 70 | L87: =L86+K87 -> -285.5 | N87: 0 | O87: =O86+N87 -> -134.4 | Q87: 0 | R87: =R86+Q87 -> 0 | S87: 0 | T87: =ROUND($B87+$E87+$H87+$K87+$N87+Q87,10) -> 0
B88: -76.5 | C88: =C87+B88 -> 612.8 | E88: 72.1 | F88: =F87+E88 -> 291.1 | H88: 16.7 | I88: =I87+H88 -> -477.7 | K88: -12.3 | L88: =L87+K88 -> -297.8 | N88: 0 | O88: =O87+N88 -> -134.4 | Q88: 0 | R88: =R87+Q88 -> 0 | S88: 0 | T88: =ROUND($B88+$E88+$H88+$K88+$N88+Q88,10) -> 0
B89: -21 | C89: =C88+B89 -> 591.8 | E89: 12.9 | F89: =F88+E89 -> 304 | H89: -52.4 | I89: =I88+H89 -> -530.1 | K89: 60.5 | L89: =L88+K89 -> -237.3 | N89: 0 | O89: =O88+N89 -> -134.4 | Q89: 0 | R89: =R88+Q89 -> 0 | S89: 0 | T89: =ROUND($B89+$E89+$H89+$K89+$N89+Q89,10) -> 0
B90: 62.2 | C90: =C89+B90 -> 654 | E90: 17.6 | F90: =F89+E90 -> 321.6 | H90: 0 | I90: =I89+H90 -> -530.1 | K90: -56.7 | L90: =L89+K90 -> -294 | N90: -23.1 | O90: =O89+N90 -> -157.5 | Q90: 0 | R90: =R89+Q90 -> 0 | S90: 0 | T90: =ROUND($B90+$E90+$H90+$K90+$N90+Q90,10) -> 0
B91: -27.3 | C91: =C90+B91 -> 626.7 | E91: 0 | F91: =F90+E91 -> 321.6 | H91: 71.5 | I91: =I90+H91 -> -458.6 | K91: -56.7 | L91: =L90+K91 -> -350.7 | N91: 12.5 | O91: =O90+N91 -> -145 | Q91: 0 | R91: =R90+Q91 -> 0 | S91: 0 | T91: =ROUND($B91+$E91+$H91+$K91+$N91+Q91,10) -> 0
B92: 0 | C92: =C91+B92 -> 626.7 | E92: 68.7 | F92: =F91+E92 -> 390.3 | H92: -55.4 | I92: =I91+H92 -> -514 | K92: 8 | L92: =L91+K92 -> -342.7 | N92: -21.3 | O92: =O91+N92 -> -166.3 | Q92: 0 | R92: =R91+Q92 -> 0 | S92: 0 | T92: =ROUND($B92+$E92+$H92+$K92+$N92+Q92,10) -> 0
B93: 50.2 | C93: =C92+B93 -> 676.9 | E93: 4 | F93: =F92+E93 -> 394.3 | H93: -16.7 | I93: =I92+H93 -> -530.7 | K93: 0 | L93: =L92+K93 -> -342.7 | N93: -38.5 | O93: =O92+N93 -> -204.8 | Q93: 0 | R93: =R92+Q93 -> 0 | S93: 0 | T93: =ROUND($B93+$E93+$H93+$K93+$N93+Q93,10) -> -1
A94: 46154 | B94: 62.2 | C94: =C93+B94 -> 739.1 | E94: -25.6 | F94: =F93+E94 -> 368.7 | H94: 14.6 | I94: =I93+H94 -> -516.1 | K94: -51.2 | L94: =L93+K94 -> -393.9 | N94: 0 | O94: =O93+N94 -> -204.8 | Q94: 0 | R94: =R93+Q94 -> 0 | S94: 0 | T94: =ROUND($B94+$E94+$H94+$K94+$N94+Q94,10) -> 0
B95: 58.2 | C95: =C94+B95 -> 797.3 | E95: -69.7 | F95: =F94+E95 -> 299 | H95: 16.5 | I95: =I94+H95 -> -499.6 | K95: -5 | L95: =L94+K95 -> -398.9 | N95: 0 | O95: =O94+N95 -> -204.8 | Q95: 0 | R95: =R94+Q95 -> 0 | S95: 0 | T95: =ROUND($B95+$E95+$H95+$K95+$N95+Q95,10) -> 0
B96: -11.9 | C96: =C95+B96 -> 785.4 | E96: 61.3 | F96: =F95+E96 -> 360.3 | H96: 16.7 | I96: =I95+H96 -> -482.9 | K96: -68.1 | L96: =L95+K96 -> -467 | N96: 0 | O96: =O95+N96 -> -204.8 | Q96: 0 | R96: =R95+Q96 -> 0 | S96: 0 | T96: =ROUND($B96+$E96+$H96+$K96+$N96+Q96,10) -> -2
B97: 6.6 | C97: =C96+B97 -> 792 | E97: 67.4 | F97: =F96+E97 -> 427.7 | H97: -52.9 | I97: =I96+H97 -> -535.8 | K97: -21.1 | L97: =L96+K97 -> -488.1 | N97: 0 | O97: =O96+N97 -> -204.8 | Q97: 0 | R97: =R96+Q97 -> 0 | S97: 0 | T97: =ROUND($B97+$E97+$H97+$K97+$N97+Q97,10) -> 0
B98: 56.1 | C98: =C97+B98 -> 848.1 | E98: -22.1 | F98: =F97+E98 -> 405.6 | H98: 13 | I98: =I97+H98 -> -522.8 | K98: -47 | L98: =L97+K98 -> -535.1 | N98: 0 | O98: =O97+N98 -> -204.8 | Q98: 0 | R98: =R97+Q98 -> 0 | S98: 0 | T98: =ROUND($B98+$E98+$H98+$K98+$N98+Q98,10) -> 0
B99: 1.2 | C99: =C98+B99 -> 849.3 | E99: -53.8 | F99: =F98+E99 -> 351.8 | H99: -21.8 | I99: =I98+H99 -> -544.6 | K99: 74.4 | L99: =L98+K99 -> -460.7 | N99: 0 | O99: =O98+N99 -> -204.8 | Q99: 0 | R99: =R98+Q99 -> 0 | S99: 0 | T99: =ROUND($B99+$E99+$H99+$K99+$N99+Q99,10) -> 0
B100: -50.7 | C100: =C99+B100 -> 798.6 | E100: 0 | F100: =F99+E100 -> 351.8 | H100: 5.3 | I100: =I99+H100 -> -539.3 | K100: -23.8 | L100: =L99+K100 -> -484.5 | N100: 69.2 | O100: =O99+N100 -> -135.6 | Q100: 0 | R100: =R99+Q100 -> 0 | S100: 0 | T100: =ROUND($B100+$E100+$H100+$K100+$N100+Q100,10) -> 0
...

Sheet ルール
C3: 四麻 順位点計算方法(素点X) | I3: 三麻 順位点計算方法(素点X)
C4: 順位 | D4: 基準点 | E4: ウマ | F4: ポイント | I4: 順位 | J4: 基準点 | K4: ウマ | L4: ポイント
C5: 1位 | D5: 30,000Pt | E5: 50 | F5: (X－30,000)/1,000+ウマ | I5: 1位 | J5: 25,000Pt | K5: 30 | L5: (X－25,000)/1,000+ウマ
C6: 2位 | E6: 10 | I6: 2位 | K6: 0
C7: 3位 | E7: △ 10 | I7: 3位 | K7: △ 30
C8: 4位 | E8: △ 30
D12: ペナルティ(現状導入なし)
D13: 誤発声 | F13: 1000オール続行or和了放棄
D14: ノーテン立直 | F14: 流局したら4000オール
D15: 誤ロン倒牌 | F15: 4000オール
D16: 少牌多牌 | F16: その牌数のまま和了放棄
